{
  "x_min": 41.22113574886098,
  "x_max": 83.02181714706379,
  "y_min": 14.203299212318427,
  "y_max": 27.58790337160608,
  "z_min": -3.7158901648548928,
  "z_max": -0.5624105108640309,
  "resolution_m": 0.25,
  "size_x_m": 41.800681398202805,
  "size_y_m": 13.384604159287655,
  "size_z_m": 3.153479653990862
}